id,categorie,confiance
test_001,Coordonnées,0.95
test_002,Spécialités médicales,0.95
test_003,Coordonnées,0.95
test_004,RDV,0.95
test_005,Coordonnées,0.95
test_006,RDV,0.95
test_007,Facturation,0.95
test_008,Facturation,0.95
test_009,Facturation,0.95
test_010,RDV,0.95
test_011,Coordonnées,0.95
test_012,Facturation,0.95
test_013,Coordonnées,0.95
test_014,Spécialités médicales,0.9
test_015,Spécialités médicales,0.95
test_016,Coordonnées,0.95
test_017,RDV,0.95
test_018,RDV,0.95
test_019,Spécialités médicales,0.9
test_020,RDV,0.95
test_021,Coordonnées,0.95
test_022,Facturation,0.95
test_023,Spécialités médicales,0.95
test_024,RDV,0.95
test_025,Spécialités médicales,0.95
test_026,Spécialités médicales,0.95
test_027,RDV,0.95
test_028,Facturation,0.95
test_029,Facturation,0.95
test_030,Coordonnées,0.95
test_031,Facturation,0.95
test_032,RDV,0.95
test_033,RDV,0.95
test_034,Coordonnées,0.95
test_035,Facturation,0.95
test_036,Coordonnées,0.95
test_037,Spécialités médicales,0.95
test_038,Facturation,0.95
test_039,RDV,0.95
test_040,Spécialités médicales,0.9
test_041,Facturation,0.95
test_042,Spécialités médicales,0.95
test_043,Spécialités médicales,0.95
test_044,RDV,0.95
test_045,Spécialités médicales,0.95
test_046,RDV,0.95
test_047,Facturation,0.95
test_048,Coordonnées,0.95
test_049,Facturation,0.95
test_050,RDV,0.95
test_051,Spécialités médicales,0.95
test_052,Coordonnées,0.95
test_053,Spécialités médicales,0.95
test_054,Facturation,0.95
test_055,Coordonnées,0.95
test_056,Coordonnées,0.95
test_057,Spécialités médicales,0.95
test_058,Spécialités médicales,0.95
test_059,RDV,0.95
test_060,Spécialités médicales,0.8
