id,categorie
test_001,Spécialités médicales
test_002,Spécialités médicales
test_003,Coordonnées
test_004,RDV
test_005,Coordonnées
test_006,RDV
test_007,Facturation
test_008,Spécialités médicales
test_009,Spécialités médicales
test_010,RDV
test_011,Coordonnées
test_012,Facturation
test_013,Coordonnées
test_014,Spécialités médicales
test_015,Spécialités médicales
test_016,Coordonnées
test_017,RDV
test_018,RDV
test_019,Coordonnées
test_020,RDV
test_021,Coordonnées
test_022,Facturation
test_023,Spécialités médicales
test_024,RDV
test_025,Spécialités médicales
test_026,Spécialités médicales
test_027,Spécialités médicales
test_028,Facturation
test_029,Facturation
test_030,Coordonnées
test_031,Facturation
test_032,RDV
test_033,RDV
test_034,Coordonnées
test_035,Facturation
test_036,Coordonnées
test_037,Spécialités médicales
test_038,Facturation
test_039,RDV
test_040,Spécialités médicales
test_041,Spécialités médicales
test_042,Spécialités médicales
test_043,Spécialités médicales
test_044,RDV
test_045,Spécialités médicales
test_046,RDV
test_047,Coordonnées
test_048,Coordonnées
test_049,Facturation
test_050,RDV
test_051,Spécialités médicales
test_052,Coordonnées
test_053,Spécialités médicales
test_054,Facturation
test_055,Coordonnées
test_056,Coordonnées
test_057,Spécialités médicales
test_058,Spécialités médicales
test_059,RDV
test_060,Spécialités médicales
